dataset,protocol,threshold,n_train,n_test,n_test_fuzzy_eligible,n_test_short_fuzzy_excluded,cross_split_pairs,test_rows_with_train_near_duplicate,test_leakage_rate,positive_test_rows,positive_test_rows_leaked,positive_test_leakage_rate,negative_test_rows,negative_test_rows_leaked,negative_test_leakage_rate,leaked_test_rows_same_label_nearest,leaked_test_rows_cross_label_nearest,cross_label_pair_count,normalized_exact_pair_count
1,tfidf_legacy,0.9,4736,1185,1150,35,87,27,0.02278481012658228,756,19,0.02513227513227513,429,8,0.018648018648018648,27,0,0,19
1,tfidf_legacy,0.95,4736,1185,1150,35,62,23,0.019409282700421943,756,15,0.01984126984126984,429,8,0.018648018648018648,23,0,0,19
1,tfidf_legacy,0.98,4736,1185,1150,35,42,19,0.016033755274261603,756,11,0.01455026455026455,429,8,0.018648018648018648,19,0,0,19
1,dl_phobert_outer,0.9,4746,1187,1152,35,104,30,0.02527379949452401,757,23,0.03038309114927345,430,7,0.01627906976744186,30,0,0,26
1,dl_phobert_outer,0.95,4746,1187,1152,35,76,22,0.018534119629317607,757,18,0.023778071334214,430,4,0.009302325581395349,22,0,0,26
1,dl_phobert_outer,0.98,4746,1187,1152,35,56,18,0.015164279696714406,757,14,0.018494055482166448,430,4,0.009302325581395349,18,0,0,26
2,tfidf_legacy,0.9,5799,1450,1213,237,72,25,0.017241379310344827,756,20,0.026455026455026454,694,5,0.007204610951008645,25,0,0,27
2,tfidf_legacy,0.95,5799,1450,1213,237,52,19,0.01310344827586207,756,14,0.018518518518518517,694,5,0.007204610951008645,19,0,0,27
2,tfidf_legacy,0.98,5799,1450,1213,237,41,11,0.007586206896551724,756,6,0.007936507936507936,694,5,0.007204610951008645,11,0,0,27
2,dl_phobert_outer,0.9,5876,1469,1209,260,84,26,0.017699115044247787,756,24,0.031746031746031744,713,2,0.002805049088359046,26,0,0,26
2,dl_phobert_outer,0.95,5876,1469,1209,260,65,22,0.014976174268209666,756,20,0.026455026455026454,713,2,0.002805049088359046,22,0,0,26
2,dl_phobert_outer,0.98,5876,1469,1209,260,52,15,0.010211027910142955,756,13,0.017195767195767195,713,2,0.002805049088359046,15,0,0,26
