dataset,normalized_sha256,group_size,label_0,label_1,label_pure,source_row_ids
2,71dad73441e7f28869c7d67a2a2efa64ef1c351be2de6ac5a7dd3551d0046ab0,10,0,10,1,5;759;1607;1751;2427;3828;4507;5815;6690;7109
2,cdadab7dbb87c85534bb50de3be6e284b5410351ff085903a18e984946f1646c,2,2,0,1,269;4692
2,81801cb6f501c6c60334ab8d1af518ce2ee2f8635c289fe25b6746c2053c6d15,2,2,0,1,446;4447
2,04ab42e2f2485250e99322d72413b88073c1e9556cc97632ff5eea3971e5ca87,2,2,0,1,1002;4756
2,aeabf258cf3af6df32ce0cc2f83cf709a3d27a4e9dc8c1cc9f83d9e17d0fc0bf,2,2,0,1,1021;3054
2,17f962cfa6d6e277fde3e571832d51ada71c5497e4b3a84497643984b523f522,3,0,3,1,1333;5245;6777
2,a18603795d42ca828ecfaf3bee1df362eb748b221dded02f83cdc15048c24437,2,0,2,1,1371;3768
2,aa0f33b627c48e9041f3e650a5213c2d5ed98307ededa89b9c3df2a7890a3b46,2,2,0,1,1376;3266
2,66333fa72458164b67baa2b93528a4bd3c0f276d89cdd6b9848817980557002e,2,2,0,1,1579;5308
2,b9146755bce1a40ac714027038ee249dc791aad2129490d210c4b2808abbec4e,2,0,2,1,1584;5760
2,9a2bd05031d22f941e86d40f93dd47cd4a61b50c7fbca1261f8152845eb8e499,2,0,2,1,1826;2885
2,f25630a675f4270703d60ef7fd4b044b6b6557a94223f58502840f9dd133cc02,2,2,0,1,2015;3100
2,d9535592bd06f4599bfaa8f1480d5e587b75f1ce014e7938cab3ad124b39cca3,2,2,0,1,2147;4470
2,eaedba1cd730d168bee0463f2252d5f4eac61669fbbb0f19da4664ff92405b82,2,2,0,1,3950;7214
2,25a4519ee8d12d411571af70746c646c5fcdaecf0fa2f4cc8085f6c36f16c111,2,2,0,1,4501;4963
2,9490c116a3cc6029107851dd1db439c6a92b53099b90764140db4d47ccff2964,2,2,0,1,4629;6274
2,21667da80ed6db1d03068575fccd1fa25bac0a90ac31f78a4ef56e803ca9c1ee,2,2,0,1,5378;5770
2,0834b1a44816ad6a06ec1b33155326b55543a1d101b73e212bbc57fa4f75d506,2,2,0,1,5617;5730
