dataset,threshold,cluster_id,cluster_size,label_0,label_1,label_pure,min_source_row_id
2,0.95,1,14,0,14,1,5
2,0.95,2,2,0,2,1,38
2,0.95,3,2,0,2,1,70
2,0.95,4,2,2,0,1,269
2,0.95,5,2,0,2,1,354
2,0.95,6,2,2,0,1,446
2,0.95,7,2,0,2,1,591
2,0.95,8,2,0,2,1,732
2,0.95,9,3,0,3,1,941
2,0.95,10,2,2,0,1,1002
2,0.95,11,3,0,3,1,1009
2,0.95,12,2,2,0,1,1021
2,0.95,13,2,0,2,1,1024
2,0.95,14,2,0,2,1,1071
2,0.95,15,2,0,2,1,1359
2,0.95,16,2,0,2,1,1371
2,0.95,17,2,2,0,1,1376
2,0.95,18,2,0,2,1,1498
2,0.95,19,2,2,0,1,1579
2,0.95,20,6,0,6,1,1584
2,0.95,21,9,0,9,1,1774
2,0.95,22,2,0,2,1,1826
2,0.95,23,2,2,0,1,2015
2,0.95,24,2,0,2,1,2038
2,0.95,25,2,0,2,1,2047
2,0.95,26,2,2,0,1,2147
2,0.95,27,2,0,2,1,2446
2,0.95,28,2,0,2,1,2458
2,0.95,29,2,0,2,1,2599
2,0.95,30,2,0,2,1,3074
2,0.95,31,2,0,2,1,3244
2,0.95,32,2,0,2,1,3332
2,0.95,33,2,0,2,1,3349
2,0.95,34,2,0,2,1,3634
2,0.95,35,2,0,2,1,3769
2,0.95,36,2,2,0,1,3950
2,0.95,37,3,0,3,1,4068
2,0.95,38,2,0,2,1,4329
2,0.95,39,2,2,0,1,4501
2,0.95,40,2,2,0,1,4629
2,0.95,41,2,2,0,1,5378
2,0.95,42,2,2,0,1,5617
2,0.95,43,2,0,2,1,5973
2,0.95,44,2,0,2,1,6184
