private_source_path,size_bytes,sha256,public_status,reason
runs/batch_registry.csv,1585,0168d118f959a7b5d5aa242a0eeeab7641bc16e8dd0c315576b64cfb575c513d,excluded,"raw text/API payload, operational state, pilot artifact, or text-bearing row-level file; compact public provenance/results retained instead"
runs/batch_registry.json,2645,86249e71fe0dd620de86d1b03f04c1c006a3a5c582880f8427c9f62bbd57c944,excluded,"raw text/API payload, operational state, pilot artifact, or text-bearing row-level file; compact public provenance/results retained instead"
runs/d1_full_gpt-5-6-sol_sentiment_topics_v1_4/batch_input.jsonl,4805298,bef68b11227844ef1ea1d11b92766f2d54e55b5ae2793e06f670b6e3dd653c3e,excluded,"raw text/API payload, operational state, pilot artifact, or text-bearing row-level file; compact public provenance/results retained instead"
runs/d1_full_gpt-5-6-sol_sentiment_topics_v1_4/batch_output.jsonl,6072729,89ec00aad5da6e29b1a2bbf72325786bae19a505232a6daa21f46fc06ffb2fde,excluded,"raw text/API payload, operational state, pilot artifact, or text-bearing row-level file; compact public provenance/results retained instead"
runs/d1_full_gpt-5-6-sol_sentiment_topics_v1_4/batch_state.json,1226,77dd3d7bd821351aeadb100ac32115b581975c7451d86f20590e4b8429077272,excluded,"raw text/API payload, operational state, pilot artifact, or text-bearing row-level file; compact public provenance/results retained instead"
runs/d1_full_gpt-5-6-sol_sentiment_topics_v1_4/manifest.csv,1281463,1ff7a6f91df06c277e982a27a42e7a7504804de1cc13f72d4049db1122c2ed7b,excluded,"raw text/API payload, operational state, pilot artifact, or text-bearing row-level file; compact public provenance/results retained instead"
runs/d1_full_gpt-5-6-sol_sentiment_topics_v1_4/predictions.csv,1503728,6faa236474b02ffb33c635bd6a3db36055fd645cad41cee47ce1062bcfdaeeba,excluded,"raw text/API payload, operational state, pilot artifact, or text-bearing row-level file; compact public provenance/results retained instead"
runs/d1_full_gpt-5-6-sol_sentiment_topics_v1_4/upload_recovery.json,225,059c53722985ad4b9ec8350e16fe32d9b7f4fce38601a7d00bda60df0a0f7ce8,excluded,"raw text/API payload, operational state, pilot artifact, or text-bearing row-level file; compact public provenance/results retained instead"
runs/d1_pilot_gpt-5-6-sol_v1_1/batch_input.jsonl,119783,e253167eb519671662ca09c68a5aded5744e997592b8c3dec82f448e49779588,excluded,"raw text/API payload, operational state, pilot artifact, or text-bearing row-level file; compact public provenance/results retained instead"
runs/d1_pilot_gpt-5-6-sol_v1_1/config.json,1536,a2c266b91ea7c8f34516ede5d3c70a3be5d5eeb6924e032bb85d05d874f79651,excluded,"raw text/API payload, operational state, pilot artifact, or text-bearing row-level file; compact public provenance/results retained instead"
runs/d1_pilot_gpt-5-6-sol_v1_1/cost_estimate.json,392,b99876ba5a51738de4d4b97f777da292aedc8f89712d0a008d36163f38c46394,excluded,"raw text/API payload, operational state, pilot artifact, or text-bearing row-level file; compact public provenance/results retained instead"
runs/d1_pilot_gpt-5-6-sol_v1_1/manifest.csv,68108,832ec5220f3d2a706dad2e63635986cf4ad070364bce5a296431384cd3cecaa9,excluded,"raw text/API payload, operational state, pilot artifact, or text-bearing row-level file; compact public provenance/results retained instead"
runs/d1_pilot_gpt-5-6-sol_v1_1/prompt.txt,759,ea2c4b8219d0d6f633efce3302336ec57d6ad1c1a66c3bf584364598a568a3ea,excluded,"raw text/API payload, operational state, pilot artifact, or text-bearing row-level file; compact public provenance/results retained instead"
runs/d1_pilot_gpt-5-6-sol_v1_2/batch_input.jsonl,119783,e253167eb519671662ca09c68a5aded5744e997592b8c3dec82f448e49779588,excluded,"raw text/API payload, operational state, pilot artifact, or text-bearing row-level file; compact public provenance/results retained instead"
runs/d1_pilot_gpt-5-6-sol_v1_2/config.json,1536,c25f14be851ee1d39627f106670ba82b05b68ba203ec815639c04f98b7b7eac1,excluded,"raw text/API payload, operational state, pilot artifact, or text-bearing row-level file; compact public provenance/results retained instead"
runs/d1_pilot_gpt-5-6-sol_v1_2/cost_estimate.json,392,b99876ba5a51738de4d4b97f777da292aedc8f89712d0a008d36163f38c46394,excluded,"raw text/API payload, operational state, pilot artifact, or text-bearing row-level file; compact public provenance/results retained instead"
runs/d1_pilot_gpt-5-6-sol_v1_2/manifest.csv,68108,832ec5220f3d2a706dad2e63635986cf4ad070364bce5a296431384cd3cecaa9,excluded,"raw text/API payload, operational state, pilot artifact, or text-bearing row-level file; compact public provenance/results retained instead"
runs/d1_pilot_gpt-5-6-sol_v1_2/prompt.txt,759,ea2c4b8219d0d6f633efce3302336ec57d6ad1c1a66c3bf584364598a568a3ea,excluded,"raw text/API payload, operational state, pilot artifact, or text-bearing row-level file; compact public provenance/results retained instead"
runs/d2_full_gpt-5-6-sol_sentiment_topics_v1_4/batch_errors.jsonl,60173,3eaf9611c3135afbc218a75e68110162710d2335c6437d67dd81e4ffbe2b56e8,excluded,"raw text/API payload, operational state, pilot artifact, or text-bearing row-level file; compact public provenance/results retained instead"
runs/d2_full_gpt-5-6-sol_sentiment_topics_v1_4/batch_input.jsonl,5184697,7a374657e486daff5e1595dcd60c64fded411fc9795e953a645e3889a81b02b1,excluded,"raw text/API payload, operational state, pilot artifact, or text-bearing row-level file; compact public provenance/results retained instead"
runs/d2_full_gpt-5-6-sol_sentiment_topics_v1_4/batch_output.jsonl,6803984,ab1a96c2b29455fa9e6d18819c8ddd4b012888605f95635a44181e85e2e0959c,excluded,"raw text/API payload, operational state, pilot artifact, or text-bearing row-level file; compact public provenance/results retained instead"
runs/d2_full_gpt-5-6-sol_sentiment_topics_v1_4/batch_state.json,1286,2eff4cb9f870614e2bd79aac5d668cf9473c82369fcf7ce2e61cd94ff76c4e12,excluded,"raw text/API payload, operational state, pilot artifact, or text-bearing row-level file; compact public provenance/results retained instead"
runs/d2_full_gpt-5-6-sol_sentiment_topics_v1_4/invalid_or_missing_outputs.csv,69873,c0e9c5e60cb5ee78602ec67a70e6fb33f39f5f7367f5b94141f1dfb6848bc4e2,excluded,"raw text/API payload, operational state, pilot artifact, or text-bearing row-level file; compact public provenance/results retained instead"
runs/d2_full_gpt-5-6-sol_sentiment_topics_v1_4/manifest.csv,823169,17f6c096268f0bf168cbeb438d71613188ba768aef0f4806db206296dd17c752,excluded,"raw text/API payload, operational state, pilot artifact, or text-bearing row-level file; compact public provenance/results retained instead"
runs/d2_full_gpt-5-6-sol_sentiment_topics_v1_4/predictions.csv,1078069,9288f6ff584962b7375768489d6cce32e34ff8b02e0706d6147289829af597a1,excluded,"raw text/API payload, operational state, pilot artifact, or text-bearing row-level file; compact public provenance/results retained instead"
runs/d2_full_gpt-5-6-sol_sentiment_topics_v1_4/upload_recovery.json,225,59443baad04f78da1dbec34a2c495037abdc9af557fca3ef92153f939955a4c5,excluded,"raw text/API payload, operational state, pilot artifact, or text-bearing row-level file; compact public provenance/results retained instead"
runs/d2_recovery_139_gpt-5-6-sol_sentiment_topics_v1_4/batch_input_recovery_139.jsonl,476321,cec9dfefe39329cc6c5deea3b6dfeaa7b70a249174612e6649ecb0080c8d1420,excluded,"raw text/API payload, operational state, pilot artifact, or text-bearing row-level file; compact public provenance/results retained instead"
runs/d2_recovery_139_gpt-5-6-sol_sentiment_topics_v1_4/final_1469_batch_output_merged.jsonl,6757081,69112213a414fd5ac1c6fb6efb4b6107739c90233943d04318759203f94e7ed1,excluded,"raw text/API payload, operational state, pilot artifact, or text-bearing row-level file; compact public provenance/results retained instead"
runs/d2_recovery_139_gpt-5-6-sol_sentiment_topics_v1_4/final_1469_predictions.csv,940121,bf09b9df53158c1654dff5f5351363c61a4b27dcc5eaa1eeb9c6588af6194ff0,excluded,"raw text/API payload, operational state, pilot artifact, or text-bearing row-level file; compact public provenance/results retained instead"
runs/d2_recovery_139_gpt-5-6-sol_sentiment_topics_v1_4/manifest_failed_139.csv,63664,8eca195915f88db0584940dc649ea02e7b15a96f7f0ebbb687f4833cc427cd31,excluded,"raw text/API payload, operational state, pilot artifact, or text-bearing row-level file; compact public provenance/results retained instead"
runs/d2_recovery_139_gpt-5-6-sol_sentiment_topics_v1_4/recovery_batch_output.jsonl,711101,c0310bf1a0b9d69c43753b75a3cf59e3a79be60eb2b552a1feecf369d2339a7c,excluded,"raw text/API payload, operational state, pilot artifact, or text-bearing row-level file; compact public provenance/results retained instead"
runs/d2_recovery_139_gpt-5-6-sol_sentiment_topics_v1_4/recovery_batch_state.json,439,88b2d864c617c2ed08c14c1b3cc0406641812ec5b8124cd4eb476a84f9935e84,excluded,"raw text/API payload, operational state, pilot artifact, or text-bearing row-level file; compact public provenance/results retained instead"
runs/d2_recovery_139_gpt-5-6-sol_sentiment_topics_v1_4/recovery_upload_state.json,208,689d1311c457f859a8846a66ff45ae78c0e22ad57cc49da624413034780e1973,excluded,"raw text/API payload, operational state, pilot artifact, or text-bearing row-level file; compact public provenance/results retained instead"
