source_row_id,gold_label,predicted_label
5703,1,1
1872,0,0
2318,0,0
2284,1,1
538,0,0
1425,1,1
1097,0,0
5422,1,1
4507,1,1
1606,0,0
2323,1,1
2249,1,1
3744,1,1
825,1,1
2347,1,1
3982,1,1
2607,1,1
5363,1,1
5768,0,0
4148,1,1
2383,0,0
1616,1,1
1343,1,1
345,1,1
1929,1,1
2223,0,0
563,1,1
1925,0,0
2457,1,1
1585,0,0
4138,1,1
224,1,1
4176,0,0
1141,0,0
2662,0,0
3203,1,1
2461,1,1
3823,0,0
3773,0,0
2866,1,1
5414,1,1
2488,1,1
5254,1,1
3839,1,1
1532,1,1
2863,1,1
3335,0,0
3298,0,0
5885,0,0
851,0,0
1138,0,0
1763,0,0
4637,0,0
1661,1,1
5300,0,0
3437,0,0
2446,0,0
2267,1,1
1382,1,1
5161,1,1
5890,1,1
2083,1,1
2233,0,0
4680,1,1
1012,1,1
3230,0,0
1120,0,0
5139,0,0
4276,1,1
933,1,1
811,0,0
2397,0,0
2733,0,0
3596,1,1
5123,1,1
4874,0,0
965,1,1
4153,1,1
5776,0,0
3401,1,1
5219,1,1
2030,1,1
819,1,1
558,0,0
2252,1,1
5805,1,1
495,1,1
1842,1,1
3778,1,1
2627,1,1
5721,1,0
4263,1,1
859,1,1
2199,1,1
5288,1,1
3202,0,0
3862,0,0
1844,0,0
3592,1,1
4042,1,1
4889,1,1
4076,0,0
3784,0,0
5658,0,0
2148,1,1
1863,0,0
2599,0,0
5328,1,1
3885,1,1
5849,0,0
275,1,1
4055,0,0
3426,0,0
3150,1,1
2833,0,0
4110,0,0
1142,0,0
4853,0,0
887,1,1
2804,1,1
534,0,0
1244,1,1
3567,0,0
5236,1,1
2163,0,0
2924,1,1
1944,1,1
3499,1,1
4800,1,1
4649,0,0
4841,1,1
4780,0,0
1955,0,0
5127,1,1
3125,0,0
1773,1,1
1500,0,0
5299,1,1
90,0,0
4069,0,0
5799,0,0
1776,0,0
515,0,0
1953,1,1
618,1,1
761,0,0
3897,1,1
5736,1,1
5036,1,1
4990,1,1
5450,1,0
3841,1,1
1710,0,0
548,0,0
3297,1,1
3057,0,0
1652,0,0
1580,1,1
4372,0,0
5681,0,0
2919,1,1
4433,1,1
1446,0,0
5373,0,0
1427,0,0
1511,1,1
3716,0,0
3495,0,0
5650,1,1
78,1,1
1143,1,1
1119,0,0
4694,0,0
964,1,1
1058,1,1
5446,1,1
2820,0,0
3428,1,1
2349,1,1
1175,1,1
1814,1,1
5687,1,1
2732,0,0
3811,1,1
3532,1,1
4100,1,1
5896,1,1
3941,1,1
4656,0,0
1341,0,0
3843,0,0
5707,1,1
533,1,1
2123,1,1
324,0,1
314,1,1
4983,0,0
1760,1,1
444,0,0
2703,1,1
352,1,1
4150,0,0
3367,0,0
4509,0,0
4967,1,1
3816,1,1
3794,0,0
5152,0,0
2760,1,1
1568,0,0
378,0,0
2631,1,1
5200,0,0
3074,0,0
5179,1,1
2594,1,0
2304,0,0
1031,1,1
1015,1,1
5169,1,1
2638,1,1
5824,0,0
4359,1,1
474,1,1
459,1,1
5897,1,1
109,1,1
2687,1,1
4844,1,1
1074,1,1
5780,1,1
241,1,1
1827,0,0
1032,1,1
2954,1,1
2484,1,1
5112,1,1
747,1,1
1676,1,1
1934,1,0
5306,0,0
1273,1,1
1314,1,1
5292,1,1
4676,0,0
5645,1,1
1758,0,1
709,1,1
4514,0,0
3281,0,0
4720,1,1
2514,0,0
3960,1,1
5213,1,1
1914,1,1
5058,0,0
5413,0,0
589,0,0
5463,0,0
4048,1,1
793,1,1
1223,1,1
1268,0,0
4842,0,0
105,0,0
4223,0,0
4424,1,1
1962,0,0
1759,1,1
1674,1,1
4687,1,1
3037,1,1
3312,1,1
2369,1,1
5006,1,1
5490,0,0
4442,1,1
4616,1,0
4594,1,1
1673,1,1
5353,1,1
290,0,0
5747,1,1
2773,1,1
616,1,1
5552,1,1
4072,1,1
361,1,1
2039,1,1
2279,1,1
3785,0,0
4067,1,1
1319,0,1
4769,1,1
4856,1,1
4671,1,1
4832,1,1
2889,0,0
4949,0,0
3141,0,0
1772,1,1
2204,1,1
5484,0,0
469,0,0
2596,0,0
2474,0,0
4534,0,0
3818,1,1
4500,1,1
4796,1,1
3458,1,1
4934,1,1
4840,0,0
2455,1,1
4032,1,1
3453,0,1
3696,1,1
5713,0,0
3019,1,1
3444,1,1
1300,1,1
3296,0,0
655,1,1
1793,0,0
3526,1,1
3578,1,1
2187,0,0
4073,1,1
1189,1,1
2190,1,1
2243,0,1
4390,0,0
2959,1,1
1550,1,1
4194,1,1
5594,1,1
5647,0,0
4294,1,1
1615,1,1
4684,0,0
5148,1,1
1575,1,1
5008,0,0
5700,1,1
5208,0,0
4528,0,0
1647,1,1
4755,1,1
3918,1,1
2337,0,0
855,1,1
4354,0,0
5903,1,1
3525,0,0
708,0,1
5142,1,1
4645,1,1
80,0,0
5510,0,0
2256,1,1
5062,1,1
4812,1,1
2962,0,0
2914,0,0
4766,1,1
5482,0,0
4117,0,0
2179,0,0
262,1,1
4751,1,1
2353,1,1
2630,1,1
1828,1,1
4747,1,1
2055,1,1
1862,1,1
3948,1,1
2763,1,1
2879,1,1
5239,0,0
596,1,1
5595,1,1
2712,0,0
1509,1,0
4395,1,1
3846,0,0
4550,1,1
954,1,1
5047,1,1
66,0,0
3270,1,1
165,1,1
4513,0,0
2897,1,1
2823,0,0
1316,1,1
5155,0,0
2822,1,1
3254,1,1
1816,0,0
551,1,1
5775,1,1
4753,0,0
5570,0,0
3083,0,0
524,1,1
4018,1,1
3938,1,1
2411,1,1
4015,1,1
4198,0,0
5701,1,1
1612,0,0
5750,1,1
3582,1,1
1145,1,1
5888,0,0
3147,1,1
366,1,1
5802,1,1
360,1,1
2701,1,1
3347,1,1
5714,0,0
1794,1,1
11,1,1
4815,0,0
3537,1,1
560,0,0
3878,0,0
1199,1,1
922,1,1
2276,1,1
3544,0,0
3028,1,1
2129,0,0
2739,1,1
1508,0,0
4631,1,1
1180,0,0
5533,1,1
3541,1,1
1081,1,1
4997,0,0
3538,0,0
3817,0,0
1139,0,0
4142,1,1
2794,1,1
2544,1,1
2149,0,0
5748,1,1
2618,1,1
4964,1,1
441,0,0
5107,1,1
3475,0,0
3260,0,0
4386,0,0
566,1,1
2755,1,1
3882,0,0
4911,1,1
5541,0,0
5054,1,1
5029,1,1
1280,0,0
239,1,1
1595,0,0
5183,1,1
4106,0,0
4772,0,0
5908,1,1
3026,1,1
4663,1,1
2664,1,1
4611,1,1
429,1,1
1542,0,0
4602,1,1
5477,0,0
3661,1,0
3711,1,1
2765,0,0
102,0,0
1928,0,0
5630,1,1
2472,0,0
870,1,1
4969,1,1
2570,1,1
3876,1,1
4862,1,1
148,1,1
1432,1,1
5779,1,1
2861,1,1
3157,0,0
692,1,1
1941,1,1
1007,1,1
4191,1,0
1635,1,1
2686,1,1
685,1,1
5264,1,0
14,1,1
3331,1,1
143,0,0
5783,1,1
4717,1,1
1298,0,0
4399,1,1
3412,1,1
3384,1,1
758,1,1
5461,1,1
3269,0,0
783,1,1
3873,1,1
166,1,1
972,0,0
2723,0,0
5548,0,0
5871,0,0
5330,1,1
5844,1,1
3671,0,0
874,0,0
1708,1,1
3917,0,0
4416,1,1
56,1,1
65,1,1
393,1,1
1796,1,1
5660,1,1
5565,1,1
5050,0,0
5493,1,1
298,1,1
1663,1,1
3583,0,0
1586,0,0
2296,1,1
5725,1,1
2680,0,0
2832,0,0
1681,1,1
3144,0,0
5080,1,1
3166,1,1
458,0,0
5652,0,0
1630,1,1
3834,0,0
3910,0,0
2552,1,1
637,0,0
749,1,1
222,1,1
5742,0,0
3901,1,1
4909,1,1
831,0,0
4658,0,0
3471,1,1
5166,1,1
631,1,1
2950,0,1
1080,0,0
1130,0,0
3935,0,0
3405,1,1
1589,0,0
3417,1,1
3973,1,1
4448,1,1
2831,1,1
1362,1,1
3928,0,0
2112,0,0
3018,1,1
400,1,1
4850,1,1
5685,1,1
445,0,0
1502,1,1
2449,1,1
1466,0,0
987,1,1
3311,0,0
5666,1,1
368,1,1
715,1,1
3396,1,1
3011,1,1
3051,1,1
3123,0,0
3929,0,0
1956,0,0
5316,1,1
1463,1,1
3440,1,1
225,1,1
2224,1,1
4784,0,1
5501,1,1
4739,0,0
1315,0,0
1572,1,1
2955,0,0
4467,1,1
3448,1,1
2007,1,1
1210,1,1
4641,1,1
1869,1,1
5744,1,1
5527,0,0
2816,1,1
4404,0,0
2862,1,1
5628,0,1
2402,1,1
5603,0,0
4549,1,1
5529,0,0
3043,1,1
521,1,1
2525,0,0
1560,1,1
2476,1,1
3365,1,1
5760,0,0
3858,1,1
2665,0,0
4599,0,0
4234,1,1
134,1,1
4140,1,1
2829,0,0
581,1,1
910,0,1
3574,1,1
4044,0,0
997,1,1
1525,1,1
5116,0,0
1541,1,1
3805,1,1
1765,1,1
4211,0,0
4614,1,1
2650,0,0
5344,0,0
2800,1,1
4224,1,1
2071,1,1
3238,0,0
3524,1,1
186,1,1
2135,1,1
5359,1,1
4043,1,1
1991,1,1
5743,1,1
2757,0,0
2075,1,1
5136,0,1
5632,0,0
3604,1,1
5507,1,1
3576,1,1
2335,0,0
2109,0,0
2673,0,0
2095,1,1
3777,0,1
2600,1,1
2458,1,1
243,1,1
1656,1,1
3188,0,0
4606,0,0
4315,1,1
5133,1,1
4046,1,1
5778,0,0
3588,0,0
4543,1,1
3642,1,1
1789,0,0
4593,1,1
3138,1,1
2574,1,1
1325,0,0
1490,1,1
4693,1,1
282,1,1
1983,1,0
5268,0,0
385,1,1
3636,1,1
952,0,0
5829,1,1
1706,1,1
1351,0,0
3193,1,1
1357,1,1
47,1,1
5205,1,1
3386,0,0
5081,0,0
796,1,1
216,1,1
1364,0,0
4797,1,1
2505,1,1
4420,1,1
3993,1,1
1499,1,1
5255,1,1
1917,0,0
5247,1,1
5772,0,0
3107,0,0
182,1,1
2379,1,0
4264,1,1
2554,1,1
115,0,0
668,1,1
4600,1,1
4843,0,0
147,0,0
1979,0,0
4246,1,1
4711,1,1
629,1,1
4706,0,0
2143,1,1
4164,1,1
5698,1,1
432,1,1
739,1,1
2228,1,1
52,1,1
5313,1,1
1605,1,1
4691,0,0
5217,0,0
1290,1,1
3859,1,1
3418,1,0
3457,1,1
4518,1,1
1212,1,1
1,1,1
2197,0,0
4213,0,0
67,0,0
3359,0,0
5163,0,0
5680,0,0
4743,1,1
828,1,1
1390,0,0
3003,1,1
3572,0,0
3128,1,1
1288,0,0
4683,1,1
5509,0,0
5731,1,1
3133,1,1
3955,1,1
3030,1,1
1089,1,1
5041,1,1
1420,0,0
1354,0,0
382,1,1
5069,1,1
732,1,1
4431,1,1
917,1,1
1099,1,1
737,1,1
2976,0,0
4064,1,1
622,0,0
3275,1,1
4705,0,0
4991,1,1
5875,0,0
4261,1,1
4728,1,1
1016,1,0
4915,1,1
5812,1,1
57,1,1
2044,1,1
2714,0,0
5537,1,1
2176,1,1
1752,0,0
1108,1,1
963,1,1
2387,0,0
1909,1,1
3058,1,1
2898,1,1
3175,0,0
1820,0,0
203,1,1
3719,0,0
4169,1,1
824,1,1
5765,0,0
2892,1,1
920,0,0
2132,1,0
686,0,0
2583,0,0
4668,1,1
1802,0,0
4660,0,0
3284,1,1
140,1,1
2213,0,0
2157,0,0
1313,0,1
5615,1,1
4749,0,0
4932,1,1
1719,1,1
3763,1,1
911,1,0
1701,0,0
3473,0,0
3381,1,1
2556,0,0
240,1,1
1458,1,1
4919,1,1
5455,0,0
4970,0,0
5868,1,1
4088,1,1
1740,1,1
2038,1,1
5381,1,1
3127,0,0
575,1,1
2616,1,1
1834,1,1
4778,1,1
4135,1,1
5862,1,1
1205,1,1
81,1,1
2059,0,0
4030,1,1
1193,1,1
1082,0,0
4204,1,1
130,1,1
3791,1,1
3431,1,1
4185,1,1
4201,0,0
3149,0,0
1922,0,0
4709,0,0
3736,0,0
4010,1,1
1939,1,1
5340,1,1
4040,0,0
572,1,1
703,1,1
2817,0,0
4210,0,0
5424,1,1
2437,1,1
3573,1,1
2849,1,1
1624,1,1
4566,0,0
5542,1,1
3268,0,0
4688,1,1
1338,1,1
4343,0,0
4199,0,0
2935,0,0
3376,1,1
677,1,1
3511,1,1
3108,1,1
3354,0,0
4440,1,1
5810,1,1
717,0,0
516,1,1
5492,1,1
5401,1,1
2926,0,0
325,1,1
38,0,0
2960,1,1
1151,0,0
1524,1,1
5197,0,0
646,1,1
5735,1,1
4679,0,0
4019,1,1
1327,0,0
4760,1,1
8,0,0
4971,1,1
5917,1,1
3766,1,1
2444,1,1
606,1,1
4825,1,1
1745,1,1
5117,0,0
396,1,1
3189,0,0
1696,1,1
4976,0,1
5398,1,1
2819,1,1
539,0,0
546,1,1
2939,0,0
2983,1,1
2485,0,0
564,0,0
3496,0,0
1577,1,1
3067,1,1
4202,1,1
2637,1,1
4288,1,1
199,1,1
591,0,0
3623,0,0
73,0,0
2416,1,1
4833,0,1
3939,1,1
3968,1,1
3097,1,1
654,0,0
979,1,1
5346,0,0
3755,1,1
3241,1,1
1305,0,0
3680,1,1
2102,1,1
4300,1,1
5726,1,1
174,0,0
4417,1,1
762,1,1
2001,1,1
5214,0,0
5706,1,1
4993,1,1
5467,0,0
602,1,1
5308,1,1
5764,0,0
1484,1,1
5665,1,1
111,1,1
470,0,0
208,1,1
4515,1,1
2579,1,1
2776,1,1
3867,0,0
1685,0,0
1860,0,0
5793,0,0
2117,0,0
330,1,1
2003,1,1
2320,1,0
4601,0,0
3606,1,1
1853,1,1
3762,1,1
3803,0,0
695,0,0
3054,1,1
5345,1,1
28,1,1
5554,0,0
3456,0,0
1196,1,1
4361,1,1
1297,1,1
4313,1,1
1224,0,0
2568,1,1
2244,1,0
5051,1,1
561,1,1
3688,1,1
5883,1,1
1368,1,1
3950,1,1
5585,1,1
5561,0,0
2859,1,1
2475,1,1
285,1,1
5115,0,0
4551,0,0
4922,1,1
3610,0,0
4154,1,1
1072,1,1
3344,1,1
97,1,1
5568,0,0
194,1,1
3852,1,1
2181,1,1
5377,1,0
2724,1,1
5044,1,1
4792,1,1
3992,1,1
996,0,0
2478,0,0
663,1,1
2676,1,1
388,0,1
1571,1,1
648,1,1
5879,1,1
3995,1,1
774,1,1
1514,1,1
3349,1,1
3649,0,0
3883,1,1
2215,1,1
4271,1,1
5629,0,0
5420,1,1
5245,0,0
357,1,1
2311,1,1
3675,1,1
2870,0,0
1232,1,1
4009,1,1
2114,0,0
4690,1,1
3643,1,1
4974,1,1
4918,1,1
5556,1,1
4638,1,1
1149,1,1
1924,0,0
3658,1,1
4632,0,0
3394,1,1
2801,1,1
800,1,1
994,1,0
4102,1,1
356,0,0
2747,1,1
2427,1,1
3927,1,1
2442,0,0
653,0,0
1405,1,1
1757,1,1
3170,1,1
3727,1,1
1536,0,0
1549,1,1
116,1,1
4126,0,0
1052,1,1
5716,1,1
302,0,0
5850,0,0
1238,0,0
967,1,1
3742,1,1
284,0,0
1017,1,1
3621,1,1
4419,1,1
792,1,1
5637,1,1
3211,0,0
2172,1,1
428,0,0
3007,1,1
2937,0,0
19,1,1
3235,1,1
4041,1,1
719,1,1
2025,1,1
2663,0,0
3190,0,0
1275,1,1
421,0,0
3015,0,0
1937,1,1
4893,0,0
5227,1,1
5114,1,1
2404,0,0
3469,0,0
1477,1,1
4501,0,0
1743,1,1
5337,0,0
5215,0,0
477,1,1
4061,1,1
5365,0,0
5928,1,1
2032,0,0
3864,0,0
2684,0,0
2227,0,0
4170,0,0
4470,1,1
2850,0,0
5676,0,0
2696,1,1
5657,0,0
2902,1,1
5671,1,1
4771,1,1
5072,1,1
5159,0,0
2604,1,1
1434,1,0
5259,1,1
5741,1,1
4375,1,1
3903,0,0
3657,1,1
5869,1,1
3339,1,1
1373,0,0
3988,0,0
5532,1,1
4241,1,1
453,0,0
1747,1,1
4414,1,1
3521,1,1
2987,1,1
3758,0,0
2271,0,0
694,0,0
5435,0,0
3842,0,0
568,1,1
1227,1,1
2809,1,1
713,1,1
3942,0,0
4109,1,1
2447,1,1
3380,1,1
726,1,1
4316,0,0
213,1,1
