created_at_utc,analysis_signature,k,seed,coherence_cv,topic_diversity,log_perplexity,elapsed_seconds
2026-09-28T01:29:28.059262+00:00,b7b5d8eda2062b9bd012bead7eee020ddb954007725c861b4008ecf7b9587459,4,42,0.3930745761024017,0.775,-6.755241051333316,18.28609013557434
2026-09-28T01:29:47.103934+00:00,b7b5d8eda2062b9bd012bead7eee020ddb954007725c861b4008ecf7b9587459,4,52,0.40700456909473537,0.875,-6.746612357589231,19.137871503829956
2026-09-28T01:30:05.159856+00:00,b7b5d8eda2062b9bd012bead7eee020ddb954007725c861b4008ecf7b9587459,4,62,0.41899738667923697,0.95,-6.749454367829255,17.91743803024292
2026-09-28T01:30:23.137078+00:00,b7b5d8eda2062b9bd012bead7eee020ddb954007725c861b4008ecf7b9587459,4,72,0.4228469573980266,0.85,-6.73978854517032,18.053493976593018
2026-09-28T01:30:40.391481+00:00,b7b5d8eda2062b9bd012bead7eee020ddb954007725c861b4008ecf7b9587459,4,82,0.38908330507539124,0.95,-6.746860270388457,17.238879442214966
2026-09-28T01:30:56.976195+00:00,b7b5d8eda2062b9bd012bead7eee020ddb954007725c861b4008ecf7b9587459,5,42,0.4069419455152463,0.92,-6.771573362873747,16.48444676399231
2026-09-28T01:31:14.962499+00:00,b7b5d8eda2062b9bd012bead7eee020ddb954007725c861b4008ecf7b9587459,5,52,0.41008977655772283,0.9,-6.759264994601805,18.026180744171143
2026-09-28T01:31:32.953008+00:00,b7b5d8eda2062b9bd012bead7eee020ddb954007725c861b4008ecf7b9587459,5,62,0.43821565020602293,0.84,-6.767258149769595,17.945337295532227
2026-09-28T01:31:51.027073+00:00,b7b5d8eda2062b9bd012bead7eee020ddb954007725c861b4008ecf7b9587459,5,72,0.47184705593176224,0.9,-6.7614166078281475,18.1445369720459
2026-09-28T01:32:07.860682+00:00,b7b5d8eda2062b9bd012bead7eee020ddb954007725c861b4008ecf7b9587459,5,82,0.40384077706076943,0.92,-6.762401267029596,16.804975986480713
2026-09-28T01:32:24.776975+00:00,b7b5d8eda2062b9bd012bead7eee020ddb954007725c861b4008ecf7b9587459,6,42,0.4009526213465627,0.95,-6.772219447605864,16.86679720878601
2026-09-28T01:32:42.644948+00:00,b7b5d8eda2062b9bd012bead7eee020ddb954007725c861b4008ecf7b9587459,6,52,0.4102543370095851,0.8833333333333333,-6.7711226474121515,17.902865648269653
2026-09-28T01:33:00.424818+00:00,b7b5d8eda2062b9bd012bead7eee020ddb954007725c861b4008ecf7b9587459,6,62,0.44264078925468203,0.9,-6.766084573773975,17.718721866607666
2026-09-28T01:33:18.627675+00:00,b7b5d8eda2062b9bd012bead7eee020ddb954007725c861b4008ecf7b9587459,6,72,0.4427369836499582,0.9166666666666666,-6.7703283830587715,18.258928298950195
2026-09-28T01:33:35.497693+00:00,b7b5d8eda2062b9bd012bead7eee020ddb954007725c861b4008ecf7b9587459,6,82,0.39746765156968294,0.9166666666666666,-6.770524157676091,16.868160724639893
2026-09-28T01:33:52.415475+00:00,b7b5d8eda2062b9bd012bead7eee020ddb954007725c861b4008ecf7b9587459,7,42,0.4457589403884299,0.9571428571428572,-6.76881468681226,16.893677234649658
2026-09-28T01:34:10.266638+00:00,b7b5d8eda2062b9bd012bead7eee020ddb954007725c861b4008ecf7b9587459,7,52,0.43464934581643283,0.8857142857142857,-6.7713115742469405,17.8620707988739
2026-09-28T01:34:27.812806+00:00,b7b5d8eda2062b9bd012bead7eee020ddb954007725c861b4008ecf7b9587459,7,62,0.453132196186842,0.8857142857142857,-6.772030378383824,17.488699674606323
2026-09-28T01:34:45.138627+00:00,b7b5d8eda2062b9bd012bead7eee020ddb954007725c861b4008ecf7b9587459,7,72,0.4307666530165229,0.9,-6.767572824080962,17.36713409423828
2026-09-28T01:35:02.276421+00:00,b7b5d8eda2062b9bd012bead7eee020ddb954007725c861b4008ecf7b9587459,7,82,0.4524161967138406,0.9285714285714286,-6.765767785000685,17.11081838607788
2026-09-28T01:35:23.157124+00:00,b7b5d8eda2062b9bd012bead7eee020ddb954007725c861b4008ecf7b9587459,8,42,0.3833085367849911,0.9125,-6.781033126700543,21.059667825698853
2026-09-28T01:35:43.285425+00:00,b7b5d8eda2062b9bd012bead7eee020ddb954007725c861b4008ecf7b9587459,8,52,0.37855808933514695,0.95,-6.782755956982988,20.07957363128662
2026-09-28T01:36:04.013499+00:00,b7b5d8eda2062b9bd012bead7eee020ddb954007725c861b4008ecf7b9587459,8,62,0.4223891568193414,0.9,-6.783697454378861,20.702361345291138
2026-09-28T01:36:24.506829+00:00,b7b5d8eda2062b9bd012bead7eee020ddb954007725c861b4008ecf7b9587459,8,72,0.4205728615538331,0.9375,-6.773951430862531,20.57084345817566
2026-09-28T01:36:44.902865+00:00,b7b5d8eda2062b9bd012bead7eee020ddb954007725c861b4008ecf7b9587459,8,82,0.46757506502576285,0.9,-6.765710223724905,20.329721212387085
2026-09-28T01:37:02.896495+00:00,b7b5d8eda2062b9bd012bead7eee020ddb954007725c861b4008ecf7b9587459,9,42,0.44374758599854097,0.9444444444444444,-6.778146011021213,17.884512424468994
2026-09-28T01:37:21.279688+00:00,b7b5d8eda2062b9bd012bead7eee020ddb954007725c861b4008ecf7b9587459,9,52,0.3904116992681347,0.9444444444444444,-6.783477037084801,18.371960401535034
2026-09-28T01:37:40.196719+00:00,b7b5d8eda2062b9bd012bead7eee020ddb954007725c861b4008ecf7b9587459,9,62,0.41692434038477943,0.9,-6.781735845771419,18.913081884384155
2026-09-28T01:37:58.753822+00:00,b7b5d8eda2062b9bd012bead7eee020ddb954007725c861b4008ecf7b9587459,9,72,0.40985237812835207,0.9333333333333333,-6.780372363895297,18.609822273254395
2026-09-28T01:38:17.258108+00:00,b7b5d8eda2062b9bd012bead7eee020ddb954007725c861b4008ecf7b9587459,9,82,0.44329588899844047,0.9,-6.773732317049729,18.467896699905396
2026-09-28T01:38:35.960432+00:00,b7b5d8eda2062b9bd012bead7eee020ddb954007725c861b4008ecf7b9587459,10,42,0.4406764849822217,0.94,-6.790815401803518,18.734553575515747
2026-09-28T01:38:53.980340+00:00,b7b5d8eda2062b9bd012bead7eee020ddb954007725c861b4008ecf7b9587459,10,52,0.45532674831984643,0.98,-6.778149490059486,17.97643256187439
2026-09-28T01:39:13.101142+00:00,b7b5d8eda2062b9bd012bead7eee020ddb954007725c861b4008ecf7b9587459,10,62,0.43503059168809866,0.92,-6.777097106221133,19.095991134643555
2026-09-28T01:39:32.067667+00:00,b7b5d8eda2062b9bd012bead7eee020ddb954007725c861b4008ecf7b9587459,10,72,0.4044113242472106,0.94,-6.78280001313248,18.980533361434937
2026-09-28T01:39:51.016523+00:00,b7b5d8eda2062b9bd012bead7eee020ddb954007725c861b4008ecf7b9587459,10,82,0.47957899899348233,0.91,-6.775360140081535,18.94201159477234
2026-09-28T01:40:09.262262+00:00,b7b5d8eda2062b9bd012bead7eee020ddb954007725c861b4008ecf7b9587459,11,42,0.4546723058439948,0.9272727272727272,-6.785521726479137,18.256251573562622
2026-09-28T01:40:27.179619+00:00,b7b5d8eda2062b9bd012bead7eee020ddb954007725c861b4008ecf7b9587459,11,52,0.44575402618508025,0.9545454545454546,-6.789140835424191,17.924575805664062
2026-09-28T01:40:47.126033+00:00,b7b5d8eda2062b9bd012bead7eee020ddb954007725c861b4008ecf7b9587459,11,62,0.4252204336401604,0.9181818181818182,-6.786432249311521,19.932775735855103
2026-09-28T01:41:06.053844+00:00,b7b5d8eda2062b9bd012bead7eee020ddb954007725c861b4008ecf7b9587459,11,72,0.435874598758116,0.9272727272727272,-6.78722031074824,18.950833082199097
2026-09-28T01:41:24.954502+00:00,b7b5d8eda2062b9bd012bead7eee020ddb954007725c861b4008ecf7b9587459,11,82,0.4758812379853367,0.9363636363636364,-6.782208696477544,18.857496976852417
2026-09-28T01:41:44.287549+00:00,b7b5d8eda2062b9bd012bead7eee020ddb954007725c861b4008ecf7b9587459,12,42,0.4660897666998404,0.9666666666666667,-6.859834900987096,19.359220266342163
2026-09-28T01:42:03.249172+00:00,b7b5d8eda2062b9bd012bead7eee020ddb954007725c861b4008ecf7b9587459,12,52,0.4403184957100879,0.95,-6.865729106885835,18.942041873931885
2026-09-28T01:42:23.657158+00:00,b7b5d8eda2062b9bd012bead7eee020ddb954007725c861b4008ecf7b9587459,12,62,0.39933179944923386,0.9,-6.869534444788447,20.38641357421875
2026-09-28T01:42:44.090397+00:00,b7b5d8eda2062b9bd012bead7eee020ddb954007725c861b4008ecf7b9587459,12,72,0.41124706409022616,0.9416666666666667,-6.8782260379217774,20.49424934387207
2026-09-28T01:43:04.293406+00:00,b7b5d8eda2062b9bd012bead7eee020ddb954007725c861b4008ecf7b9587459,12,82,0.4149356924442813,0.9416666666666667,-6.877615533099525,20.19886064529419
2026-09-28T01:43:23.683195+00:00,b7b5d8eda2062b9bd012bead7eee020ddb954007725c861b4008ecf7b9587459,13,42,0.46967920535594904,0.9615384615384616,-7.017901373901166,19.342088222503662
2026-09-28T01:43:42.691192+00:00,b7b5d8eda2062b9bd012bead7eee020ddb954007725c861b4008ecf7b9587459,13,52,0.4732750723363232,0.9538461538461539,-7.013739285546596,19.019418954849243
2026-09-28T01:44:04.641877+00:00,b7b5d8eda2062b9bd012bead7eee020ddb954007725c861b4008ecf7b9587459,13,62,0.424629479403334,0.8692307692307693,-7.020782878849956,22.011484146118164
2026-09-28T01:44:25.761196+00:00,b7b5d8eda2062b9bd012bead7eee020ddb954007725c861b4008ecf7b9587459,13,72,0.42558942661834076,0.9384615384615385,-7.017920378559465,21.074366331100464
2026-09-28T01:44:45.076905+00:00,b7b5d8eda2062b9bd012bead7eee020ddb954007725c861b4008ecf7b9587459,13,82,0.4061058474675113,0.9384615384615385,-7.012775050234973,19.29334592819214
2026-09-28T01:45:06.480400+00:00,b7b5d8eda2062b9bd012bead7eee020ddb954007725c861b4008ecf7b9587459,14,42,0.440986815800713,0.9142857142857143,-7.099476755605539,21.431227684020996
2026-09-28T01:45:25.743819+00:00,b7b5d8eda2062b9bd012bead7eee020ddb954007725c861b4008ecf7b9587459,14,52,0.42809659414196366,0.9142857142857143,-7.094917277696875,19.23652696609497
2026-09-28T01:45:48.212182+00:00,b7b5d8eda2062b9bd012bead7eee020ddb954007725c861b4008ecf7b9587459,14,62,0.42390705281902374,0.9142857142857143,-7.097513316251242,22.48592233657837
2026-09-28T01:46:08.859382+00:00,b7b5d8eda2062b9bd012bead7eee020ddb954007725c861b4008ecf7b9587459,14,72,0.43001059026156624,0.9285714285714286,-7.100097701945068,20.60469102859497
2026-09-28T01:46:28.736061+00:00,b7b5d8eda2062b9bd012bead7eee020ddb954007725c861b4008ecf7b9587459,14,82,0.42413768671282676,0.9357142857142857,-7.104759777948566,19.885488271713257
2026-09-28T01:46:48.926821+00:00,b7b5d8eda2062b9bd012bead7eee020ddb954007725c861b4008ecf7b9587459,15,42,0.43049248290986303,0.9333333333333333,-7.141187043117619,20.16492772102356
2026-09-28T01:47:06.976253+00:00,b7b5d8eda2062b9bd012bead7eee020ddb954007725c861b4008ecf7b9587459,15,52,0.4290155785816321,0.98,-7.133695704551691,18.029176712036133
2026-09-28T01:47:28.154856+00:00,b7b5d8eda2062b9bd012bead7eee020ddb954007725c861b4008ecf7b9587459,15,62,0.42338881777576665,0.9133333333333333,-7.147754087251146,21.223188400268555
2026-09-28T01:47:50.099429+00:00,b7b5d8eda2062b9bd012bead7eee020ddb954007725c861b4008ecf7b9587459,15,72,0.4196858982875696,0.8733333333333333,-7.149540549158896,22.006033658981323
2026-09-28T01:48:10.016543+00:00,b7b5d8eda2062b9bd012bead7eee020ddb954007725c861b4008ecf7b9587459,15,82,0.42225287940758827,0.94,-7.139433775875236,19.859098434448242
