topic_id,rank,term,term_probability
1,1,thuốc,0.2068946808576584
1,2,uống,0.08528938889503479
1,3,rượu,0.039463672786951065
1,4,mg,0.03877297788858414
1,5,bác_sĩ,0.03380296751856804
1,6,chống,0.03290604054927826
1,7,tác_dụng,0.028850266709923744
1,8,liều,0.02785908803343773
1,9,ngừng,0.02667209878563881
1,10,đơn,0.020983990281820297
1,11,kê,0.02031560242176056
1,12,hiệu_quả,0.015025653876364231
1,13,say,0.014570873230695724
1,14,viên,0.014037459157407284
1,15,phụ,0.012630677781999111
2,1,lo_âu,0.05275578424334526
2,2,cảm_giác,0.028023138642311096
2,3,ngủ,0.026103289797902107
2,4,lo_lắng,0.025363434106111526
2,5,hoảng_loạn,0.02240448258817196
2,6,có_thể,0.015376820228993893
2,7,xảy,0.015282963402569294
2,8,tuần,0.013953986577689648
2,9,dậy,0.013212701305747032
2,10,không_thể,0.012967344373464584
2,11,giúp,0.012455955147743225
2,12,thở,0.011953398585319519
2,13,sợ,0.011664464138448238
2,14,hôm_nay,0.011449894867837429
2,15,cơ_thể,0.011276768520474434
3,1,đi,0.03169361129403114
3,2,thời_gian,0.01390081737190485
3,3,học,0.013652684167027473
3,4,không_thể,0.01345822773873806
3,5,mẹ,0.012341706082224846
3,6,gia_đình,0.012257815338671207
3,7,làm_việc,0.011122654192149639
3,8,công_việc,0.010422893799841404
3,9,bạn_bè,0.009893366135656834
3,10,khó_khăn,0.009665830060839653
3,11,bây_giờ,0.008908350020647049
3,12,tồi_tệ,0.008593101054430008
3,13,hai,0.00852934643626213
3,14,bắt_đầu,0.008045009337365627
3,15,có_thể,0.00796376820653677
4,1,ta,0.16506780683994293
4,2,cuộc_gọi,0.020851224660873413
4,3,người_thân,0.020233215764164925
4,4,xe,0.018273066729307175
4,5,cản_trở,0.016271347180008888
4,6,nhắc,0.016049453988671303
4,7,dịch_vụ,0.014101260341703892
4,8,danh_sách,0.013427426107227802
4,9,mày,0.0108430041000247
4,10,đóng,0.01027989387512207
4,11,pogba,0.00960253644734621
4,12,định,0.009593427181243896
4,13,độc_lập,0.00923340953886509
4,14,bàn,0.009157060645520687
4,15,tình_cảm,0.009048131294548512
5,1,vấn_đề,0.027236491441726685
5,2,có_thể,0.024698531255126
5,3,rối_loạn,0.02147233486175537
5,4,lo_lắng,0.017042018473148346
5,5,tình_huống,0.015905406326055527
5,6,chúng_tôi,0.014726419933140278
5,7,một_số,0.013545488938689232
5,8,khuyên,0.013137109577655792
5,9,bất_kỳ,0.012778167612850666
5,10,thực_sự,0.01269881334155798
5,11,sức_khoẻ,0.01252971775829792
5,12,trò_chuyện,0.012520075775682926
5,13,bắt_đầu,0.01138229575008154
5,14,trị_liệu,0.0110729169100523
5,15,cảm_ơn,0.010724694468080997
6,1,trầm_cảm,0.4226590692996979
6,2,rơi,0.031328748911619186
6,3,đôi,0.015352440066635609
6,4,mizzzidc,0.014560758136212826
6,5,sách,0.013739902526140213
6,6,nhẹ,0.013703305274248123
6,7,co,0.013686565682291985
6,8,giày,0.01224617287516594
6,9,thể_thao,0.009450476616621017
6,10,đừng,0.009385428391397
6,11,tinh_thần,0.008817646652460098
6,12,mạng,0.008597416803240776
6,13,hát,0.008582294918596745
6,14,ngày_ngày,0.008421729318797588
6,15,xã_hội,0.007780067157000303
7,1,có_thể,0.0315055325627327
7,2,không_thể,0.02747073769569397
7,3,cuộc_sống,0.018338989466428757
7,4,sống,0.018295900896191597
7,5,chết,0.01712573878467083
7,6,bản_thân,0.017110472545027733
7,7,tất_cả,0.01648837700486183
7,8,cuộc_đời,0.015052811242640018
7,9,tự_sát,0.014536017552018166
7,10,bao_giờ,0.0142232496291399
7,11,tại_sao,0.012115094810724258
7,12,tồi_tệ,0.011783715337514877
7,13,cố_gắng,0.011012114584445953
7,14,thực_sự,0.010642900131642818
7,15,quan_tâm,0.010594462975859642
