k,medoid_seed,max_dominant_topic_share,zero_dominant_topics,min_nonzero_dominant_count,effective_topics_from_mean_prevalence,max_mean_topic_probability
4,52,0.7346609257265877,0,111,3.110906861378563,0.5694663524627686
5,62,0.4730893433799785,0,202,4.622990274905931,0.33050966262817383
6,62,0.46340150699677074,0,83,5.264186904877272,0.3130952715873718
7,82,0.5444025834230355,0,10,4.906258718908408,0.3611946105957031
8,82,0.5304090419806243,0,9,5.726158841412251,0.3240038752555847
9,62,0.503767491926803,0,10,7.249170549796807,0.2658887207508087
10,62,0.5508611410118407,0,10,7.562223237421326,0.2789255380630493
11,62,0.6165231431646933,0,1,8.059419916346842,0.2894906997680664
12,52,0.707481162540366,0,1,5.806380423988683,0.40105292201042175
13,82,0.7351991388589881,0,1,6.903634162323267,0.3679215908050537
14,42,0.5955328310010765,1,1,7.888432934438861,0.3178424537181854
15,42,0.5043057050592035,0,1,8.20572379032122,0.2842523157596588
