k,coherence_mean,coherence_sd,diversity_mean,diversity_sd,log_perplexity_mean,coherence_se,stability_mean,stability_sd,stability_min,coherence_eligible
4,0.4062013588699583,0.0150565568462626,0.8800000000000001,0.0737394060187631,-6.747591318462116,0.0067334969230666,0.6764081890189587,0.0716199128233827,0.5296681678990426,False
5,0.4261870410543047,0.0289757464864307,0.8960000000000001,0.03286335345031,-6.764382876420578,0.0129583477684919,0.6162208983115461,0.0651450967275466,0.5045605621055284,False
6,0.4188104765660941,0.0222934308712774,0.9133333333333332,0.0247206616236521,-6.7700558419053705,0.0099699253759737,0.562819604080655,0.06299593253474,0.4671906660908675,False
7,0.4433446664244136,0.0102192482744621,0.9114285714285714,0.0309706905552554,-6.769099449704934,0.0045701867641289,0.612349462414561,0.0704033725800008,0.4718736968695079,True
8,0.4144807419038151,0.0359889129997813,0.92,0.0227073776557311,-6.777429638529965,0.0160947311807673,0.5568052092927216,0.1026506979324258,0.4158525058917828,False
9,0.4208463785556495,0.0228635405919905,0.9244444444444444,0.0227710017021324,-6.779492714964492,0.0102248861940033,0.5579875350662954,0.0637901486327737,0.4593803874578406,False
10,0.4430048296461719,0.027604201954196,0.938,0.0268328157299974,-6.78084443025963,0.0123449744068429,0.5742618509456388,0.0919773142768635,0.3890096100628247,True
11,0.4474805204825376,0.0193100504868695,0.9327272727272728,0.0137870462619119,-6.786104763688127,0.0086357171075186,0.5038454601817515,0.0495877967329062,0.444594776527499,True
12,0.4263845636787339,0.0267522438666074,0.94,0.0245798020062543,-6.870188004736536,0.0119639671672772,0.4861029853501589,0.057421799332606,0.424143334773515,False
13,0.4398558062362917,0.0299195288015912,0.9323076923076924,0.0366496284602203,-7.016623793418431,0.0133804200510241,0.4943933300363629,0.050039896534382,0.440250467923485,True
14,0.4294277479472186,0.0069675416722904,0.9214285714285714,0.0101015254455221,-7.099352965889457,0.0031159793630607,0.4714038148072491,0.0457122913775021,0.4053024449318792,False
15,0.4249671313924839,0.0046007905530624,0.928,0.0389871773792358,-7.142322231990917,0.0020575360853772,0.4393714525152262,0.0348959124366764,0.3987339909652948,False
