k,seed,mean_similarity_to_other_seeds
4,42,0.6928823906675036
4,52,0.7066689993829491
4,62,0.6797553268696314
4,72,0.6885619376833776
4,82,0.6141722904913319
5,42,0.5756940984866721
5,52,0.6480357824583948
5,62,0.6520191764654879
5,72,0.5898418874294775
5,82,0.6155135467176984
6,42,0.5524940518904382
6,52,0.5786445290568334
6,62,0.5993701342469081
6,72,0.5497297306330016
6,82,0.5338595745760937
7,42,0.607659691309322
7,52,0.6205235319892926
7,62,0.5602058277874777
7,72,0.6312744535838322
7,82,0.6420838074028806
8,42,0.5570773347205604
8,52,0.44635179902788624
8,62,0.5875259515298047
8,72,0.5940345227664178
8,82,0.5990364384189386
9,42,0.5240468552057346
9,52,0.5069673505665605
9,62,0.5974995805025273
9,72,0.5787724940614116
9,82,0.5826513949952432
10,42,0.4967135333924194
10,52,0.5584940746769889
10,62,0.631011181970559
10,72,0.575177289881724
10,82,0.6099131748065025
11,42,0.49328717689898377
11,52,0.5072245906216608
11,62,0.5191048750967577
11,72,0.4943320150668342
11,82,0.5052786432245211
12,42,0.5008566717742964
12,52,0.5127449378458522
12,62,0.4942368613936308
12,72,0.44033390817185053
12,82,0.482342547565165
13,42,0.48257212942006594
13,52,0.5028419218708567
13,62,0.4893691818298003
13,72,0.48526988821751316
13,82,0.5119135288435781
14,42,0.500363841167739
14,52,0.4626113298280574
14,62,0.4940390132082554
14,72,0.47208348495898494
14,82,0.4279214048732088
15,42,0.4574770518178244
15,52,0.4410911856457657
15,62,0.4155228683384259
15,72,0.43729052968438026
15,82,0.4454756270897348
