k,coherence_mean,coherence_sd,diversity_mean,diversity_sd,log_perplexity_mean,coherence_se,stability_mean,stability_sd,stability_min
4,0.40620135886995834,0.015056556846262694,0.8800000000000001,0.07373940601876315,-6.747591318462116,0.006733496923066647,0.6764081890189587,0.07161991282338277,0.5296681678990426
5,0.42618704105430477,0.028975746486430753,0.8960000000000001,0.03286335345031001,-6.764382876420578,0.01295834776849197,0.6162208983115461,0.06514509672754668,0.5045605621055284
6,0.41881047656609416,0.02229343087127749,0.9133333333333333,0.024720661623652197,-6.7700558419053705,0.009969925375973765,0.562819604080655,0.06299593253474008,0.46719066609086757
7,0.4433446664244136,0.010219248274462182,0.9114285714285714,0.03097069055525548,-6.769099449704934,0.004570186764128973,0.612349462414561,0.07040337258000083,0.4718736968695079
8,0.4144807419038151,0.03598891299978134,0.9199999999999999,0.022707377655731154,-6.777429638529965,0.016094731180767388,0.5568052092927216,0.1026506979324258,0.41585250589178285
9,0.42084637855564955,0.022863540591990507,0.9244444444444444,0.022771001702132424,-6.779492714964492,0.01022488619400331,0.5579875350662954,0.06379014863277375,0.45938038745784066
10,0.44300482964617194,0.027604201954196064,0.938,0.02683281572999744,-6.78084443025963,0.012344974406842986,0.5742618509456388,0.09197731427686355,0.3890096100628247
11,0.4474805204825376,0.019310050486869516,0.9327272727272728,0.013787046261911927,-6.786104763688127,0.008635717107518629,0.5038454601817515,0.0495877967329062,0.444594776527499
12,0.4263845636787339,0.026752243866607447,0.9400000000000001,0.02457980200625435,-6.870188004736536,0.011963967167277214,0.48610298535015894,0.05742179933260603,0.424143334773515
13,0.4398558062362917,0.029919528801591287,0.9323076923076924,0.0366496284602203,-7.016623793418431,0.013380420051024187,0.4943933300363629,0.05003989653438205,0.440250467923485
14,0.42942774794721866,0.006967541672290443,0.9214285714285714,0.01010152544552215,-7.099352965889457,0.0031159793630607985,0.47140381480724913,0.04571229137750214,0.4053024449318792
15,0.42496713139248393,0.004600790553062444,0.9279999999999999,0.03898717737923584,-7.142322231990917,0.0020575360853772955,0.43937145251522625,0.034895912436676425,0.3987339909652948
