k,seed_a,seed_b,matched_cosine_similarity
4,42,52,0.7355350476253153
4,42,62,0.6339232590437
4,42,72,0.7347864248308599
4,42,82,0.6672848311701389
4,52,62,0.7133548387207763
4,52,72,0.760122243483137
4,52,82,0.6176638677025676
4,62,72,0.7296709145204708
4,62,82,0.6420722951935783
4,72,82,0.5296681678990426
5,42,52,0.5608318154394434
5,42,62,0.6160903604993153
5,42,72,0.5045605621055284
5,42,82,0.6212936559024014
5,52,62,0.6915051609152595
5,52,72,0.6576715624649339
5,52,82,0.6821345910139421
5,62,72,0.6694953348201872
5,62,82,0.6309858496271896
5,72,82,0.5276400903272607
6,42,52,0.5268581688376904
6,42,62,0.5454450980292475
6,42,72,0.6058705843599855
6,42,82,0.5318023563348298
6,52,62,0.6887262191940987
6,52,72,0.5107392540028267
6,52,82,0.5882544741927178
6,62,72,0.6151184180783263
6,62,82,0.5481908016859599
6,72,82,0.46719066609086757
7,42,52,0.5854418714328444
7,42,62,0.4718736968695079
7,42,72,0.6511846427524939
7,42,82,0.7221385541824417
7,52,62,0.6332262880621587
7,52,72,0.6115416003169505
7,52,82,0.6518843681452164
7,62,72,0.601891295100132
7,62,82,0.5338320311181123
7,72,82,0.6604802761657521
8,42,52,0.45408427964130527
8,42,62,0.5681088747238102
8,42,72,0.5838835936044211
8,42,82,0.6222325909127051
8,52,62,0.4708796497604548
8,52,72,0.444590760818002
8,52,82,0.41585250589178285
8,62,72,0.6503591807034674
8,62,82,0.6607561009314863
8,72,82,0.6973045559397806
9,42,52,0.45938038745784066
9,42,62,0.5492442356367558
9,42,72,0.5589764482640224
9,42,82,0.5285863494643195
9,52,62,0.5246965314521302
9,52,72,0.511742706785659
9,52,82,0.5320497765706121
9,62,72,0.6452294610855733
9,62,82,0.6708280938356498
9,72,82,0.5991413601103914
10,42,52,0.3890096100628247
10,42,62,0.5439082436778466
10,42,72,0.5595931379629181
10,42,82,0.4943431418660884
10,52,62,0.6768666461478838
10,52,72,0.537291483133532
10,52,82,0.6308085593637147
10,62,72,0.5962966892453719
10,62,82,0.7069731488111335
10,72,82,0.6075278491850737
11,42,52,0.444594776527499
11,42,62,0.590548711319825
11,42,72,0.4686741382742598
11,42,82,0.46933108147435126
11,52,62,0.508721925763174
11,52,72,0.4902172025498031
11,52,82,0.585364457646167
11,62,72,0.5145832744848698
11,62,82,0.46256558881916177
11,72,82,0.5038534449584042
12,42,52,0.4925205933510397
12,42,62,0.566964399426126
12,42,72,0.44940591607732466
12,42,82,0.4945357782426951
12,52,62,0.534982372549877
12,52,72,0.4434807003619064
12,52,82,0.5799960851205854
12,62,72,0.44430568147465593
12,62,82,0.43069499212386436
12,72,82,0.424143334773515
13,42,52,0.4630473719550077
13,42,62,0.4523335519067459
13,42,72,0.5554059166948402
13,42,82,0.45950167712367
13,52,62,0.5140135398723368
13,52,72,0.440250467923485
13,52,82,0.5940563077325972
13,62,72,0.47122833663690056
13,62,82,0.5199012989032181
13,72,82,0.47419483161482706
14,42,52,0.5070696928828551
14,42,62,0.535262750969885
14,42,72,0.5213681088333922
14,42,82,0.4377548119848237
14,52,62,0.4769885898228553
14,52,72,0.4509577105041679
14,52,82,0.41542932610235145
14,62,72,0.5107056755665005
14,62,82,0.45319903647378085
14,72,82,0.4053024449318792
15,42,52,0.44404095604030286
15,42,62,0.3987339909652948
15,42,72,0.49317545164621657
15,42,82,0.4939578086194833
15,52,62,0.4396720958936997
15,52,72,0.4146183065961946
15,52,82,0.4660333840528656
15,62,72,0.4215712156516143
15,62,82,0.4021141708430947
15,72,82,0.4197971448434956
