k,medoid_seed,created_at_utc,analysis_signature,seed,coherence_cv,topic_diversity,log_perplexity,elapsed_seconds,mean_similarity_to_other_seeds
4,52,2026-09-28T01:29:47.103934+00:00,b7b5d8eda2062b9bd012bead7eee020ddb954007725c861b4008ecf7b9587459,52,0.40700456909473537,0.875,-6.746612357589231,19.137871503829956,0.7066689993829491
5,62,2026-09-28T01:31:32.953008+00:00,b7b5d8eda2062b9bd012bead7eee020ddb954007725c861b4008ecf7b9587459,62,0.43821565020602293,0.84,-6.767258149769595,17.945337295532227,0.6520191764654879
6,62,2026-09-28T01:33:00.424818+00:00,b7b5d8eda2062b9bd012bead7eee020ddb954007725c861b4008ecf7b9587459,62,0.44264078925468203,0.9,-6.766084573773975,17.718721866607666,0.5993701342469081
7,82,2026-09-28T01:35:02.276421+00:00,b7b5d8eda2062b9bd012bead7eee020ddb954007725c861b4008ecf7b9587459,82,0.4524161967138406,0.9285714285714286,-6.765767785000685,17.11081838607788,0.6420838074028806
8,82,2026-09-28T01:36:44.902865+00:00,b7b5d8eda2062b9bd012bead7eee020ddb954007725c861b4008ecf7b9587459,82,0.46757506502576285,0.9,-6.765710223724905,20.329721212387085,0.5990364384189386
9,62,2026-09-28T01:37:40.196719+00:00,b7b5d8eda2062b9bd012bead7eee020ddb954007725c861b4008ecf7b9587459,62,0.41692434038477943,0.9,-6.781735845771419,18.913081884384155,0.5974995805025273
10,62,2026-09-28T01:39:13.101142+00:00,b7b5d8eda2062b9bd012bead7eee020ddb954007725c861b4008ecf7b9587459,62,0.43503059168809866,0.92,-6.777097106221133,19.095991134643555,0.631011181970559
11,62,2026-09-28T01:40:47.126033+00:00,b7b5d8eda2062b9bd012bead7eee020ddb954007725c861b4008ecf7b9587459,62,0.4252204336401604,0.9181818181818182,-6.786432249311521,19.932775735855103,0.5191048750967577
12,52,2026-09-28T01:42:03.249172+00:00,b7b5d8eda2062b9bd012bead7eee020ddb954007725c861b4008ecf7b9587459,52,0.4403184957100879,0.95,-6.865729106885835,18.942041873931885,0.5127449378458522
13,82,2026-09-28T01:44:45.076905+00:00,b7b5d8eda2062b9bd012bead7eee020ddb954007725c861b4008ecf7b9587459,82,0.4061058474675113,0.9384615384615385,-7.012775050234973,19.29334592819214,0.5119135288435781
14,42,2026-09-28T01:45:06.480400+00:00,b7b5d8eda2062b9bd012bead7eee020ddb954007725c861b4008ecf7b9587459,42,0.440986815800713,0.9142857142857143,-7.099476755605539,21.431227684020996,0.500363841167739
15,42,2026-09-28T01:46:48.926821+00:00,b7b5d8eda2062b9bd012bead7eee020ddb954007725c861b4008ecf7b9587459,42,0.43049248290986303,0.9333333333333333,-7.141187043117619,20.16492772102356,0.4574770518178244
