family_id,family_size,representative_dataset1_source_row_id,min_pair_similarity,mean_pair_similarity,max_pair_similarity,all_members_legacy_clean_nonempty,representative_legacy_clean_nonempty,member_row_ids
F0001,2,114,0.9645584225654602,0.9645584225654602,0.9645584225654602,True,True,114;658
F0002,14,136,0.9827619194984436,0.9971821308135986,1.0,True,True,136;809;1006;1756;2088;2095;3113;3983;3985;4228;4693;5398;5472;5744
F0003,3,186,0.9752252697944641,0.9834835529327393,1.0000001192092896,True,True,186;2742;3932
F0004,2,360,0.9896209836006165,0.9896209836006165,0.9896209836006165,True,True,360;2147
F0005,3,1839,0.998577892780304,0.9990518689155579,1.0,True,True,383;1839;2591
F0006,2,508,0.9728556275367737,0.9728556275367737,0.9728556275367737,True,True,508;2785
F0007,3,518,0.9603707790374756,0.9709534049034119,0.9892034530639648,True,True,518;570;4266
F0008,2,531,0.9813708662986755,0.9813708662986755,0.9813708662986755,True,True,531;1492
F0009,2,677,0.9674710035324097,0.9674710035324097,0.9674710035324097,True,True,677;5700
F0010,2,685,0.9892428517341614,0.9892428517341614,0.9892428517341614,True,True,685;3696
F0011,2,1049,0.9571260809898376,0.9571260809898376,0.9571260809898376,True,True,1049;1258
F0012,2,1059,0.994916558265686,0.994916558265686,0.994916558265686,True,True,1059;2974
F0013,2,1072,0.9977617859840393,0.9977617859840393,0.9977617859840393,True,True,1072;5209
F0014,3,4932,0.9964365363121033,0.997624397277832,1.0,True,True,1110;4932;5359
F0015,2,1162,0.9714027643203735,0.9714027643203735,0.9714027643203735,True,True,1162;5242
F0016,2,1176,0.9510964155197144,0.9510964155197144,0.9510964155197144,True,True,1176;2593
F0017,2,1189,0.951248049736023,0.951248049736023,0.951248049736023,True,True,1189;5161
F0018,4,4747,0.9724127054214478,0.9857398867607117,1.0,True,True,1451;2055;4648;4747
F0019,2,1458,1.0,1.0,1.0,True,True,1458;2409
F0020,2,1609,0.9806147813796997,0.9806147813796997,0.9806147813796997,True,True,1609;2836
F0021,2,1624,1.0,1.0,1.0,True,True,1624;3783
F0022,2,1744,0.988232433795929,0.988232433795929,0.988232433795929,True,True,1744;3740
F0023,3,1882,0.951001763343811,0.9558529853820801,0.9604629874229431,True,True,1882;2262;3993
F0024,2,2085,0.9637047648429871,0.9637047648429871,0.9637047648429871,True,True,2085;3228
F0025,2,2325,0.9740601181983948,0.9740601181983948,0.9740601181983948,True,True,2325;5047
F0026,2,2410,0.9934754371643066,0.9934754371643066,0.9934754371643066,True,True,2410;4668
F0027,2,2423,0.9575031995773315,0.9575031995773315,0.9575031995773315,True,True,2423;5927
F0028,2,2793,0.995567262172699,0.995567262172699,0.995567262172699,True,True,2793;3387
F0029,2,3011,0.9752616882324219,0.9752616882324219,0.9752616882324219,True,True,3011;4020
F0030,2,3991,0.9988553524017334,0.9988553524017334,0.9988553524017334,True,True,3991;5112
F0031,2,4821,0.9875244498252869,0.9875244498252869,0.9875244498252869,True,True,4821;5271
F0032,2,4990,0.953103244304657,0.953103244304657,0.953103244304657,True,True,4990;5148
