model,dataset,n_test,accuracy,precision_class1,recall_class1,f1_class1,macro_f1,metrics_file
PhoBERT-base,1,1187,0.9755686604886268,0.9739583333333334,0.988110964332893,0.980983606557377,0.973412886906486,/home/taidinh/Depression_Reproduction/reproduction_results_v1/runs/phobert_base/d1/metrics.json
PhoBERT-base,2,1469,0.9809394145677331,0.9789473684210527,0.9841269841269841,0.9815303430079155,0.9809198831776568,/home/taidinh/Depression_Reproduction/reproduction_results_v1/runs/phobert_base/d2/metrics.json
TF-IDF + LR,1,1185,0.9662447257383966,0.9931129476584022,0.9537037037037037,0.9730094466936572,0.9639822008243061,/home/taidinh/Depression_Reproduction/reproduction_results_v1/runs/tf_idf_plus_lr/d1/metrics.json
TF-IDF + LR,2,1450,0.9717241379310345,0.9850746268656716,0.9603174603174603,0.9725385130609511,0.971699249423155,/home/taidinh/Depression_Reproduction/reproduction_results_v1/runs/tf_idf_plus_lr/d2/metrics.json
TF-IDF + SVM,1,1185,0.9713080168776371,0.9904891304347826,0.9642857142857143,0.9772117962466488,0.9692437113351695,/home/taidinh/Depression_Reproduction/reproduction_results_v1/runs/tf_idf_plus_svm/d1/metrics.json
TF-IDF + SVM,2,1450,0.9710344827586207,0.9785522788203753,0.9656084656084656,0.9720372836218375,0.9709971825834509,/home/taidinh/Depression_Reproduction/reproduction_results_v1/runs/tf_idf_plus_svm/d2/metrics.json
Word2Vec + BiLSTM,1,1187,0.9696714406065712,0.9787516600265604,0.9735799207397622,0.976158940397351,0.9672461368653422,/home/taidinh/Depression_Reproduction/reproduction_results_v1/runs/word2vec_plus_bilstm/d1/metrics.json
Word2Vec + BiLSTM,2,1469,0.9720898570456092,0.9697766097240473,0.9761904761904762,0.972972972972973,0.9720600262472183,/home/taidinh/Depression_Reproduction/reproduction_results_v1/runs/word2vec_plus_bilstm/d2/metrics.json
Word2Vec + CNN,1,1187,0.97893850042123,0.9790575916230366,0.988110964332893,0.9835634451019066,0.9771275607690073,/home/taidinh/Depression_Reproduction/reproduction_results_v1/runs/word2vec_plus_cnn/d1/metrics.json
Word2Vec + CNN,2,1469,0.9795779441797141,0.975130890052356,0.9854497354497355,0.9802631578947368,0.9795532996807959,/home/taidinh/Depression_Reproduction/reproduction_results_v1/runs/word2vec_plus_cnn/d2/metrics.json
