model,dataset,legacy_test_n,legacy_accuracy,legacy_precision_class1,legacy_recall_class1,legacy_f1_class1,legacy_note,n_test,accuracy,precision_class1,recall_class1,f1_class1,macro_f1,metrics_file,accuracy_delta_pp,f1_class1_delta_pp
TF-IDF + LR,1,1185,0.97,0.99,0.96,0.97,accuracy printed to 2 d.p.; GridSearch CV macro-F1=0.9644,1185.0,0.9662447257383966,0.9931129476584022,0.9537037037037037,0.9730094466936572,0.9639822008243061,/home/taidinh/Depression_Reproduction/reproduction_results_v1/runs/tf_idf_plus_lr/d1/metrics.json,-0.3755274261603381,0.3009446693657214
TF-IDF + LR,2,1450,0.97,0.99,0.96,0.97,accuracy printed to 2 d.p.; GridSearch CV macro-F1=0.9670,1450.0,0.9717241379310345,0.9850746268656716,0.9603174603174603,0.9725385130609511,0.971699249423155,/home/taidinh/Depression_Reproduction/reproduction_results_v1/runs/tf_idf_plus_lr/d2/metrics.json,0.17241379310345417,0.25385130609510975
TF-IDF + SVM,1,1185,0.97,0.99,0.96,0.98,accuracy printed to 2 d.p.; GridSearch CV macro-F1=0.9653,1185.0,0.9713080168776371,0.9904891304347826,0.9642857142857143,0.9772117962466488,0.9692437113351695,/home/taidinh/Depression_Reproduction/reproduction_results_v1/runs/tf_idf_plus_svm/d1/metrics.json,0.13080168776371526,-0.2788203753351204
TF-IDF + SVM,2,1450,0.97,0.98,0.96,0.97,accuracy printed to 2 d.p.; GridSearch CV macro-F1=0.9674,1450.0,0.9710344827586207,0.9785522788203753,0.9656084656084656,0.9720372836218375,0.9709971825834509,/home/taidinh/Depression_Reproduction/reproduction_results_v1/runs/tf_idf_plus_svm/d2/metrics.json,0.1034482758620725,0.20372836218375268
Word2Vec + BiLSTM,1,1187,0.9655,0.98,0.97,0.97,explicit test accuracy 96.55%,1187.0,0.9696714406065712,0.9787516600265604,0.9735799207397622,0.976158940397351,0.9672461368653422,/home/taidinh/Depression_Reproduction/reproduction_results_v1/runs/word2vec_plus_bilstm/d1/metrics.json,0.4171440606571153,0.6158940397350987
Word2Vec + BiLSTM,2,1469,0.9769,0.97,0.98,0.98,explicit test accuracy 97.69%,1469.0,0.9720898570456092,0.9697766097240473,0.9761904761904762,0.972972972972973,0.9720600262472183,/home/taidinh/Depression_Reproduction/reproduction_results_v1/runs/word2vec_plus_bilstm/d2/metrics.json,-0.48101429543907503,-0.7027027027026955
Word2Vec + CNN,1,1187,0.9773,0.98,0.98,0.98,explicit test accuracy 97.73%,1187.0,0.97893850042123,0.9790575916230366,0.988110964332893,0.9835634451019066,0.9771275607690073,/home/taidinh/Depression_Reproduction/reproduction_results_v1/runs/word2vec_plus_cnn/d1/metrics.json,0.1638500421230038,0.3563445101906648
Word2Vec + CNN,2,1469,0.9789,0.98,0.98,0.98,explicit test accuracy 97.89%,1469.0,0.9795779441797141,0.975130890052356,0.9854497354497355,0.9802631578947368,0.9795532996807959,/home/taidinh/Depression_Reproduction/reproduction_results_v1/runs/word2vec_plus_cnn/d2/metrics.json,0.06779441797141184,0.026315789473685403
PhoBERT-base,1,1187,0.9697,0.97,0.99,0.98,encoder frozen in executable notebook,1187.0,0.9755686604886268,0.9739583333333334,0.988110964332893,0.980983606557377,0.973412886906486,/home/taidinh/Depression_Reproduction/reproduction_results_v1/runs/phobert_base/d1/metrics.json,0.5868660488626776,0.09836065573770592
PhoBERT-base,2,1469,0.9816,0.98,0.99,0.98,encoder frozen in executable notebook,1469.0,0.9809394145677331,0.9789473684210527,0.9841269841269841,0.9815303430079155,0.9809198831776568,/home/taidinh/Depression_Reproduction/reproduction_results_v1/runs/phobert_base/d2/metrics.json,-0.06605854322668803,0.15303430079155467
PhoBERT-large,1,1187,0.989,0.99,0.99,0.99,full fine-tuning; explicit test accuracy 98.90%,,,,,,,,,
PhoBERT-large,2,1469,0.9912,0.99,0.99,0.99,full fine-tuning; explicit test accuracy 99.12%,,,,,,,,,
