primary_topic,secondary_topic,count
T11,T03,54
T11,T02,41
T11,T01,40
T04,T01,34
T06,T01,31
T07,T01,27
T01,T02,25
T02,T01,20
T11,T04,19
T11,T05,18
T01,T09,17
T09,T01,16
T11,T08,15
T11,T09,15
T01,T07,14
T11,T06,13
T08,T09,12
T01,T05,12
T08,T01,12
T05,T01,11
T06,T05,10
T06,T02,10
T01,T12,10
T07,T09,9
T08,T07,9
T01,T04,9
T02,T04,8
T02,T09,8
T01,T08,8
T08,T11,8
T06,T12,8
T04,T02,7
T03,T07,7
T09,T08,7
T09,T12,6
T06,T09,6
T09,T03,6
T04,T09,6
T02,T03,6
T01,T06,6
T03,T02,6
T12,T01,5
T07,T03,5
T07,T08,5
T02,T06,5
T03,T01,5
T08,T06,4
T07,T06,4
T12,T07,4
T12,T09,3
T12,T06,3
T06,T07,3
T07,T02,3
T07,T04,3
T09,T02,3
T06,T04,3
T03,T04,3
T02,T08,3
T01,T11,3
T02,T05,3
T02,T07,3
T01,T03,3
T04,T03,3
T10,T01,3
T09,T04,3
T06,T03,3
T03,T06,2
T03,T10,2
T03,T09,2
T04,T08,2
T02,T10,2
T04,T05,2
T04,T06,2
T11,T07,2
T11,T10,2
T09,T10,2
T09,T11,2
T10,T07,2
T10,T08,2
T08,T05,2
T05,T12,2
T05,T02,2
T05,T08,2
T09,T07,2
T09,T05,2
T05,T09,2
T06,T08,2
T02,T11,1
T01,T10,1
T04,T12,1
T04,T11,1
T03,T08,1
T03,T11,1
T03,T05,1
T02,T12,1
T05,T10,1
T05,T06,1
T08,T10,1
T08,T02,1
T10,T03,1
T10,T04,1
T10,T11,1
T10,T05,1
T12,T05,1
T12,T10,1
