topic_id,count,topic_name,percent
T00,83,Other/unclear,5.650102110279102
T01,170,Emotions and feelings,11.572498298162015
T02,53,Self-perception and cognitive patterns,3.6078965282505107
T03,42,"Motivation, hope/hopelessness, and purpose",2.859087814840027
T04,100,Relationships and social connection,6.8073519400953035
T05,69,Family and parenting,4.697072838665759
T06,93,"Work, study, and financial/livelihood pressures",6.330837304288632
T07,75,"Daily functioning, sleep, and physical/vegetative state",5.105513955071477
T08,58,"Treatment, therapy, and medication",3.9482641252552755
T09,52,"Help-seeking, coping, social support, and recovery",3.5398230088495577
T10,14,Alcohol and substance use,0.9530292716133424
T11,230,Self-harm and suicidality,15.656909462219195
T12,430,"General conversation, community, and leisure",29.271613342409804
