topic_id,0,1
T00,8.976157082748948,2.513227513227513
T01,3.7868162692847123,18.915343915343914
T02,1.6830294530154277,5.423280423280423
T03,1.5427769985974753,4.1005291005291005
T04,9.396914446002805,4.365079365079365
T05,6.5918653576437585,2.91005291005291
T06,6.451612903225806,6.216931216931217
T07,1.402524544179523,8.597883597883598
T08,0.2805049088359046,7.4074074074074066
T09,1.262272089761571,5.6878306878306875
T10,0.8415147265077139,1.0582010582010581
T11,0.2805049088359046,30.158730158730158
T12,57.503506311360454,2.6455026455026456
