mean_fit_time,std_fit_time,mean_score_time,std_score_time,param_clf__C,param_tfidf__max_features,param_tfidf__ngram_range,params,split0_test_score,split1_test_score,split2_test_score,split3_test_score,split4_test_score,mean_test_score,std_test_score,rank_test_score
0.1844306468963623,0.039203352217934556,0.038200092315673825,0.009656688012728858,0.1,1000,"(1, 1)","{'clf__C': 0.1, 'tfidf__max_features': 1000, 'tfidf__ngram_range': (1, 1)}",0.9646456874949358,0.9465510885979619,0.9543075943186234,0.9431027717333142,0.9490902566370429,0.9515394797563758,0.007503278243808188,27
0.6561991214752197,0.06918750904548106,0.07795848846435546,0.011618145618009145,0.1,1000,"(1, 2)","{'clf__C': 0.1, 'tfidf__max_features': 1000, 'tfidf__ngram_range': (1, 2)}",0.9672295920946595,0.9448234856930509,0.9534448160535117,0.9431019260325039,0.949086617749435,0.9515372875246321,0.00862697315042398,28
0.19968595504760742,0.013734082111214416,0.04451675415039062,0.01152701490825513,0.1,5000,"(1, 1)","{'clf__C': 0.1, 'tfidf__max_features': 5000, 'tfidf__ngram_range': (1, 1)}",0.9568919384952017,0.942240306188804,0.947412816082344,0.9387926940652843,0.9499523511718633,0.9470580212006994,0.006272718156212679,29
0.6222575664520263,0.09655673390142368,0.0814443588256836,0.020584919137164866,0.1,5000,"(1, 2)","{'clf__C': 0.1, 'tfidf__max_features': 5000, 'tfidf__ngram_range': (1, 2)}",0.9629230713195684,0.9474049986063365,0.9482660196945911,0.9456847709997703,0.9568477645727221,0.9522253250385976,0.006595441085994412,26
0.21212415695190429,0.027352246629777158,0.04708113670349121,0.011503792487222832,0.1,10000,"(1, 1)","{'clf__C': 0.1, 'tfidf__max_features': 10000, 'tfidf__ngram_range': (1, 1)}",0.9551690821256038,0.9405161362242906,0.9474137540233012,0.9379293738536405,0.952538372478287,0.9467133437410247,0.0066555924450019035,30
0.6476146221160889,0.09840828950152464,0.0791555404663086,0.017284554116447783,0.1,10000,"(1, 2)","{'clf__C': 0.1, 'tfidf__max_features': 10000, 'tfidf__ngram_range': (1, 2)}",0.9646435848847608,0.9499851323223312,0.9508488826149109,0.9474071877338934,0.9594331831244782,0.9544635941360748,0.006499917803605425,25
0.2397014617919922,0.03233554707992738,0.048116016387939456,0.006487338255288472,0.5,1000,"(1, 1)","{'clf__C': 0.5, 'tfidf__max_features': 1000, 'tfidf__ngram_range': (1, 1)}",0.9689499183596991,0.949994648654434,0.9586107237473946,0.9465491818873668,0.9577141155227937,0.9563637176343377,0.007773997829015544,23
0.6597963333129883,0.07339062412827983,0.07950820922851562,0.01088495509464464,0.5,1000,"(1, 2)","{'clf__C': 0.5, 'tfidf__max_features': 1000, 'tfidf__ngram_range': (1, 2)}",0.9689522268747621,0.9482660196945911,0.9568861705702028,0.9499986622709882,0.9585760749133279,0.9565358308647743,0.007342704863710234,22
0.24261994361877443,0.02531909262924221,0.05457239151000977,0.0053124023105027346,0.5,5000,"(1, 1)","{'clf__C': 0.5, 'tfidf__max_features': 5000, 'tfidf__ngram_range': (1, 1)}",0.9672295920946595,0.9499879578614352,0.9543046057360058,0.948270326194242,0.9611567693573793,0.9561898502487445,0.007089184195132588,24
0.6504631519317627,0.10942767856086054,0.06484503746032715,0.01082386323356224,0.5,5000,"(1, 2)","{'clf__C': 0.5, 'tfidf__max_features': 5000, 'tfidf__ngram_range': (1, 2)}",0.9663636870573803,0.9534315256082003,0.9560171916575408,0.9534315256082003,0.9594304035510406,0.9577348666964725,0.0048439505081990155,21
0.22532362937927247,0.028375616746938774,0.044819068908691403,0.012565609579673615,0.5,10000,"(1, 1)","{'clf__C': 0.5, 'tfidf__max_features': 10000, 'tfidf__ngram_range': (1, 1)}",0.9689522268747621,0.9508488826149109,0.9577495463874153,0.9499976217656012,0.9611567693573793,0.9577410094000138,0.0069974330995202045,20
0.6854489803314209,0.11378943923602121,0.07677640914916992,0.013945744449316216,0.5,10000,"(1, 2)","{'clf__C': 0.5, 'tfidf__max_features': 10000, 'tfidf__ngram_range': (1, 2)}",0.9672249138241269,0.9534315256082003,0.9568748866106932,0.9568748866106932,0.9620185661852328,0.9592849557677893,0.004824833078312944,17
0.19145240783691406,0.013442172559131597,0.0384033203125,0.005710986270334265,1.0,1000,"(1, 1)","{'clf__C': 1, 'tfidf__max_features': 1000, 'tfidf__ngram_range': (1, 1)}",0.9680886261826428,0.953437064215819,0.9611964862749296,0.9525819429363074,0.9637499627654822,0.9598108164750363,0.0059806424127852266,16
0.7131603240966797,0.027449535031005553,0.06469235420227051,0.012264331519251347,1.0,1000,"(1, 2)","{'clf__C': 1, 'tfidf__max_features': 1000, 'tfidf__ngram_range': (1, 2)}",0.9672273505900266,0.9491242820049077,0.9611941785320546,0.9534448160535117,0.9620212816663092,0.9586023817693621,0.006468867495630876,19
0.21337251663208007,0.02422042357287394,0.04985432624816895,0.011937857598803748,1.0,5000,"(1, 1)","{'clf__C': 1, 'tfidf__max_features': 5000, 'tfidf__ngram_range': (1, 1)}",0.9698135653079054,0.9542891131805424,0.9568861705702028,0.9543005297659797,0.9602921373754707,0.9591163032400202,0.005784132284304825,18
0.6849364757537841,0.03101039110638584,0.06918034553527833,0.015995144352192577,1.0,5000,"(1, 2)","{'clf__C': 1, 'tfidf__max_features': 5000, 'tfidf__ngram_range': (1, 2)}",0.9689447460400089,0.9560140523058049,0.9594607958681539,0.9585965663704179,0.9602921373754707,0.9606616595919713,0.004382989960231823,13
0.2411590576171875,0.012159419953934669,0.052782535552978516,0.0026971746136676272,1.0,10000,"(1, 1)","{'clf__C': 1, 'tfidf__max_features': 10000, 'tfidf__ngram_range': (1, 1)}",0.9715363034818953,0.9542891131805424,0.9586107237473946,0.9568883497454925,0.9602921373754707,0.9603233255061591,0.00594769920952558,14
0.7106923580169677,0.09859966400114635,0.0576815128326416,0.0020491397190639006,1.0,10000,"(1, 2)","{'clf__C': 1, 'tfidf__max_features': 10000, 'tfidf__ngram_range': (1, 2)}",0.9689447460400089,0.9568714233025187,0.9603217094383172,0.9577322033167281,0.9620185661852328,0.9611777296565611,0.004293768655996411,12
0.20079998970031737,0.0376147166277319,0.04817466735839844,0.011443775060760778,2.0,1000,"(1, 1)","{'clf__C': 2, 'tfidf__max_features': 1000, 'tfidf__ngram_range': (1, 1)}",0.9706725678457127,0.9568810422298151,0.9629138088068552,0.9543005297659797,0.9628856781777142,0.9615307253652153,0.0056783339551613994,11
0.71662917137146,0.06253266932779483,0.05432372093200684,0.0024547787738033954,2.0,1000,"(1, 2)","{'clf__C': 2, 'tfidf__max_features': 1000, 'tfidf__ngram_range': (1, 2)}",0.9689474247778135,0.9517067672973929,0.9637749047529822,0.9551658832588575,0.9620185661852328,0.9603227092544557,0.006164521271030095,15
0.22086658477783203,0.03144368900918906,0.04733290672302246,0.01009550178409884,2.0,5000,"(1, 1)","{'clf__C': 2, 'tfidf__max_features': 5000, 'tfidf__ngram_range': (1, 1)}",0.9715363034818953,0.9585998911462655,0.9611916396978301,0.9577420076709705,0.9611567693573793,0.9620453222708681,0.004939363050915016,10
0.6262942790985108,0.0908491540707779,0.0560297966003418,0.0021803019563934652,2.0,5000,"(1, 2)","{'clf__C': 2, 'tfidf__max_features': 5000, 'tfidf__ngram_range': (1, 2)}",0.9706700379266751,0.95946393055633,0.9611858683844027,0.9594574195078821,0.9620212816663092,0.9625597076083198,0.004175232247307447,9
0.19151067733764648,0.016717130253949507,0.0519005298614502,0.007401074548536184,2.0,10000,"(1, 1)","{'clf__C': 2, 'tfidf__max_features': 10000, 'tfidf__ngram_range': (1, 1)}",0.9715339328459598,0.9585965663704179,0.9629164557112599,0.9620553171622372,0.9602890614292781,0.9630782667038306,0.00448187912401073,6
0.6840815067291259,0.05472867353509086,0.05460324287414551,0.0018953928890269806,2.0,10000,"(1, 2)","{'clf__C': 2, 'tfidf__max_features': 10000, 'tfidf__ngram_range': (1, 2)}",0.9698087166548057,0.9594538013548618,0.9620435784933443,0.9620363510863971,0.9637391615267721,0.9634163218232363,0.0034772762071321557,5
0.1890409469604492,0.030272675801640562,0.04149107933044434,0.00815259708293433,10.0,1000,"(1, 1)","{'clf__C': 10, 'tfidf__max_features': 1000, 'tfidf__ngram_range': (1, 1)}",0.9689474247778135,0.9603278454510848,0.9646299118201986,0.9551532165968786,0.9646068650124199,0.962733052731679,0.0046683317081369,8
0.5595313549041748,0.04538718760372152,0.051417970657348634,0.002740968364943374,10.0,1000,"(1, 2)","{'clf__C': 10, 'tfidf__max_features': 1000, 'tfidf__ngram_range': (1, 2)}",0.9680835004636519,0.95946393055633,0.9680776133479012,0.9560069871255741,0.963744994994995,0.9630754052976904,0.004765642416192087,7
0.23500919342041016,0.047193411692401335,0.051507091522216795,0.013357706117611043,10.0,5000,"(1, 1)","{'clf__C': 10, 'tfidf__max_features': 5000, 'tfidf__ngram_range': (1, 1)}",0.9715339328459598,0.9646360134169002,0.9680861584493978,0.9611826356990361,0.9671953116154905,0.9665268104053568,0.0034665559816287367,2
0.5827049255371094,0.06571666222449958,0.050841665267944335,0.0028576907406564402,10.0,5000,"(1, 2)","{'clf__C': 10, 'tfidf__max_features': 5000, 'tfidf__ngram_range': (1, 2)}",0.9663552819753108,0.9655024743052912,0.9629045416650863,0.9560140523058049,0.9663358667763955,0.9634224434055778,0.003913274517779221,4
0.1980748176574707,0.03941611542929817,0.037270212173461915,0.003926308297975912,10.0,10000,"(1, 1)","{'clf__C': 10, 'tfidf__max_features': 10000, 'tfidf__ngram_range': (1, 1)}",0.9689447460400089,0.9672249138241269,0.9680835004636519,0.9620499002174101,0.9689165027713214,0.9670439126633038,0.002575788258503961,1
0.5899565696716309,0.02665378797206348,0.04944167137145996,0.0025132051469452417,10.0,10000,"(1, 2)","{'clf__C': 10, 'tfidf__max_features': 10000, 'tfidf__ngram_range': (1, 2)}",0.9680835004636519,0.965497138642015,0.9654909800561664,0.9646265445206472,0.9680545240136742,0.9663505375392308,0.001438472180828682,3
